path	subsystem	document_sections	user_visible_behavior	current_role	existing_nexent_equivalent	target_pr	port_strategy	security_classification	tests_to_keep	tests_to_rewrite	tests_to_drop	generated	confidence	evidence	notes
.claude/settings.local.json	repository metadata	N/A	None	Local/tool metadata	None	OMIT	OMIT_FROM_CLEAN_BRANCH	NONE	None	None	All	no	HIGH	git diff 4e7d9fe..5375990a -- .claude/settings.local.json; design N/A	Not product behavior
.gitignore	repository metadata	N/A	None	Local/tool metadata	None	OMIT	OMIT_FROM_CLEAN_BRANCH	NONE	None	None	All	no	HIGH	git diff 4e7d9fe..5375990a -- .gitignore; design N/A	Not product behavior
backend/agents/create_agent_info.py	backend integration	§3-14	Core Builder runtime and service integration	Existing Backend extension	Existing service/application layer	PR1_CORE_WORKFLOW	PORT_MINIMAL	BASELINE_CORRECTNESS	Identity transaction behavior	Narrow clean-branch boundary	Prototype compatibility	no	HIGH	git diff 4e7d9fe..5375990a -- backend/agents/create_agent_info.py; design §3-14	-
backend/agents/default_agents/nl2agent.json	Runner/prompt	§3 §8	Builder readiness and bilingual guided flow	Runner definition/provisioning/prompt	Agent seed and Prompt template services	PR1_CORE_WORKFLOW	PORT_MINIMAL	BASELINE_CORRECTNESS	Exactly three read-only tools and bilingual behavior	Provisioner/domain prompt contract	Wrapper mock details	no	HIGH	git diff 4e7d9fe..5375990a -- backend/agents/default_agents/nl2agent.json; design §3 §8	-
backend/agents/nl2agent_session_catalog.py	workflow persistence	§5 §6 §7 §11.3	Durable recovery CAS batches and Delivery	PostgreSQL/Redis state repository and models	SQLAlchemy transaction/revision update	PR1_CORE_WORKFLOW	CONSOLIDATE	BASELINE_CORRECTNESS	Owner isolation CAS terminal recovery batches Delivery	PostgreSQL-only aggregate/lease fixtures	Redis/cache/shared-snapshot mechanics	no	HIGH	git diff 4e7d9fe..5375990a -- backend/agents/nl2agent_session_catalog.py; design §5 §6 §7 §11.3	Split later PR behaviors through one aggregate foundation
backend/agents/nl2agent_session_store.py	workflow persistence	§5 §6 §7 §11.3	Durable recovery CAS batches and Delivery	PostgreSQL/Redis state repository and models	SQLAlchemy transaction/revision update	PR1_CORE_WORKFLOW	CONSOLIDATE	BASELINE_CORRECTNESS	Owner isolation CAS terminal recovery batches Delivery	PostgreSQL-only aggregate/lease fixtures	Redis/cache/shared-snapshot mechanics	no	HIGH	git diff 4e7d9fe..5375990a -- backend/agents/nl2agent_session_store.py; design §5 §6 §7 §11.3	Split later PR behaviors through one aggregate foundation
backend/agents/nl2agent_workflow.py	core workflow/finalize	§7 §10.1 §10.2 §10.6	Requirements models identity review Finalize	Workflow/evaluator/service/Card	Existing Agent/model/resource transaction services	PR1_CORE_WORKFLOW	PORT_MINIMAL	BASELINE_CORRECTNESS	Stage gates persisted truth draft_ready	Facade/projection/mock details	Duplicate implementation assertions	no	HIGH	git diff 4e7d9fe..5375990a -- backend/agents/nl2agent_workflow.py; design §7 §10.1 §10.2 §10.6	-
backend/apps/agent_app.py	backend integration	§3-14	Core Builder runtime and service integration	Existing Backend extension	Existing service/application layer	PR1_CORE_WORKFLOW	PORT_MINIMAL	BASELINE_CORRECTNESS	Identity transaction behavior	Narrow clean-branch boundary	Prototype compatibility	no	HIGH	git diff 4e7d9fe..5375990a -- backend/apps/agent_app.py; design §3-14	-
backend/apps/config_app.py	backend integration	§3-14	Core Builder runtime and service integration	Existing Backend extension	Existing service/application layer	PR1_CORE_WORKFLOW	PORT_MINIMAL	BASELINE_CORRECTNESS	Identity transaction behavior	Narrow clean-branch boundary	Prototype compatibility	no	HIGH	git diff 4e7d9fe..5375990a -- backend/apps/config_app.py; design §3-14	-
backend/apps/conversation_management_app.py	backend integration	§3-14	Core Builder runtime and service integration	Existing Backend extension	Existing service/application layer	PR1_CORE_WORKFLOW	PORT_MINIMAL	BASELINE_CORRECTNESS	Identity transaction behavior	Narrow clean-branch boundary	Prototype compatibility	no	HIGH	git diff 4e7d9fe..5375990a -- backend/apps/conversation_management_app.py; design §3-14	-
backend/apps/nl2agent_app.py	API boundary	§13	NL2Agent actions	FastAPI router/error mapping	FastAPI auth and AppException mapping	PR1_CORE_WORKFLOW	PORT_MINIMAL	BASELINE_CORRECTNESS	Auth strict routes structured errors	Narrow service calls	Facade mock wiring	no	HIGH	git diff 4e7d9fe..5375990a -- backend/apps/nl2agent_app.py; design §13	-
backend/apps/runtime_app.py	backend integration	§3-14	Core Builder runtime and service integration	Existing Backend extension	Existing service/application layer	PR1_CORE_WORKFLOW	PORT_MINIMAL	BASELINE_CORRECTNESS	Identity transaction behavior	Narrow clean-branch boundary	Prototype compatibility	no	HIGH	git diff 4e7d9fe..5375990a -- backend/apps/runtime_app.py; design §3-14	-
backend/consts/const.py	backend integration	§3-14	Core Builder runtime and service integration	Existing Backend extension	Existing service/application layer	PR1_CORE_WORKFLOW	PORT_MINIMAL	BASELINE_CORRECTNESS	Identity transaction behavior	Narrow clean-branch boundary	Prototype compatibility	no	HIGH	git diff 4e7d9fe..5375990a -- backend/consts/const.py; design §3-14	-
backend/consts/error_code.py	API contracts/errors	§13	Strict typed APIs and stable errors	Request/response/error definitions	Pydantic and AppException framework	PR1_CORE_WORKFLOW	CONSOLIDATE	BASELINE_CORRECTNESS	Strict IDs shapes error semantics	Generate/narrow DTOs	Repeated wrappers	no	HIGH	git diff 4e7d9fe..5375990a -- backend/consts/error_code.py; design §13	-
backend/consts/error_message.py	API contracts/errors	§13	Strict typed APIs and stable errors	Request/response/error definitions	Pydantic and AppException framework	PR1_CORE_WORKFLOW	CONSOLIDATE	BASELINE_CORRECTNESS	Strict IDs shapes error semantics	Generate/narrow DTOs	Repeated wrappers	no	HIGH	git diff 4e7d9fe..5375990a -- backend/consts/error_message.py; design §13	-
backend/consts/exceptions.py	API contracts/errors	§13	Strict typed APIs and stable errors	Request/response/error definitions	Pydantic and AppException framework	PR1_CORE_WORKFLOW	CONSOLIDATE	BASELINE_CORRECTNESS	Strict IDs shapes error semantics	Generate/narrow DTOs	Repeated wrappers	no	HIGH	git diff 4e7d9fe..5375990a -- backend/consts/exceptions.py; design §13	-
backend/consts/model.py	API contracts/errors	§13	Strict typed APIs and stable errors	Request/response/error definitions	Pydantic and AppException framework	PR1_CORE_WORKFLOW	CONSOLIDATE	BASELINE_CORRECTNESS	Strict IDs shapes error semantics	Generate/narrow DTOs	Repeated wrappers	no	HIGH	git diff 4e7d9fe..5375990a -- backend/consts/model.py; design §13	-
backend/consts/nl2agent_response.py	API contracts/errors	§13	Strict typed APIs and stable errors	Request/response/error definitions	Pydantic and AppException framework	PR1_CORE_WORKFLOW	CONSOLIDATE	BASELINE_CORRECTNESS	Strict IDs shapes error semantics	Generate/narrow DTOs	Repeated wrappers	no	HIGH	git diff 4e7d9fe..5375990a -- backend/consts/nl2agent_response.py; design §13	-
backend/database/agent_db.py	existing database adapters	§3 §5 §10 §14	Transactional tenant-scoped domain persistence	Existing DB function extension	Same existing database module	PR1_CORE_WORKFLOW	PORT_MINIMAL	BASELINE_CORRECTNESS	Caller transaction and tenant scope	Minimal repository APIs	NL2Agent-specific convenience duplicates	no	HIGH	git diff 4e7d9fe..5375990a -- backend/database/agent_db.py; design §3 §5 §10 §14	-
backend/database/conversation_db.py	existing database adapters	§3 §5 §10 §14	Transactional tenant-scoped domain persistence	Existing DB function extension	Same existing database module	PR1_CORE_WORKFLOW	PORT_MINIMAL	BASELINE_CORRECTNESS	Caller transaction and tenant scope	Minimal repository APIs	NL2Agent-specific convenience duplicates	no	HIGH	git diff 4e7d9fe..5375990a -- backend/database/conversation_db.py; design §3 §5 §10 §14	-
backend/database/db_models.py	workflow persistence	§5 §6 §7 §11.3	Durable recovery CAS batches and Delivery	PostgreSQL/Redis state repository and models	SQLAlchemy transaction/revision update	PR1_CORE_WORKFLOW	CONSOLIDATE	BASELINE_CORRECTNESS	Owner isolation CAS terminal recovery batches Delivery	PostgreSQL-only aggregate/lease fixtures	Redis/cache/shared-snapshot mechanics	no	HIGH	git diff 4e7d9fe..5375990a -- backend/database/db_models.py; design §5 §6 §7 §11.3	Split later PR behaviors through one aggregate foundation
backend/database/nl2agent_session_db.py	workflow persistence	§5 §6 §7 §11.3	Durable recovery CAS batches and Delivery	PostgreSQL/Redis state repository and models	SQLAlchemy transaction/revision update	PR1_CORE_WORKFLOW	CONSOLIDATE	BASELINE_CORRECTNESS	Owner isolation CAS terminal recovery batches Delivery	PostgreSQL-only aggregate/lease fixtures	Redis/cache/shared-snapshot mechanics	no	HIGH	git diff 4e7d9fe..5375990a -- backend/database/nl2agent_session_db.py; design §5 §6 §7 §11.3	Split later PR behaviors through one aggregate foundation
backend/database/remote_mcp_db.py	MCP installation/binding	§9.3 §10.4 §10.5 §14	MCP search configuration install health discovery bind/skip	MCP integration/service/UI	remote_mcp_service, Tool discovery and ToolInstance persistence	PR4_INSTALLATION_AND_BINDING	REWRITE_USING_EXISTING_NEXENT_SERVICE	MIXED	Install/discover/bind/idempotency/recovery	Redis/wrapper/mock-call details	Advanced-only or duplicate assertions	no	HIGH	git diff 4e7d9fe..5375990a -- backend/database/remote_mcp_db.py; design §9.3 §10.4 §10.5 §14	Baseline correctness remains
backend/database/skill_db.py	Skill catalog/installation	§9.4 §10.5 §14	Official/local Skill search install recovery and binding	Skill provider/service/UI integration	Existing SkillService, official ZIP installer and SkillInstance	PR3_ONLINE_CATALOGS	REWRITE_USING_EXISTING_NEXENT_SERVICE	BASELINE_CORRECTNESS	Tenant scope resource_missing install/bind/retry	Wrapper mocks and status projection	Duplicate implementation assertions	no	HIGH	git diff 4e7d9fe..5375990a -- backend/database/skill_db.py; design §9.4 §10.5 §14	-
backend/database/tool_db.py	existing database adapters	§3 §5 §10 §14	Transactional tenant-scoped domain persistence	Existing DB function extension	Same existing database module	PR1_CORE_WORKFLOW	PORT_MINIMAL	BASELINE_CORRECTNESS	Caller transaction and tenant scope	Minimal repository APIs	NL2Agent-specific convenience duplicates	no	HIGH	git diff 4e7d9fe..5375990a -- backend/database/tool_db.py; design §3 §5 §10 §14	-
backend/prompts/nl2agent_system_prompt_en.yaml	Runner/prompt	§3 §8	Builder readiness and bilingual guided flow	Runner definition/provisioning/prompt	Agent seed and Prompt template services	PR1_CORE_WORKFLOW	PORT_MINIMAL	BASELINE_CORRECTNESS	Exactly three read-only tools and bilingual behavior	Provisioner/domain prompt contract	Wrapper mock details	no	HIGH	git diff 4e7d9fe..5375990a -- backend/prompts/nl2agent_system_prompt_en.yaml; design §3 §8	-
backend/prompts/nl2agent_system_prompt_zh.yaml	Runner/prompt	§3 §8	Builder readiness and bilingual guided flow	Runner definition/provisioning/prompt	Agent seed and Prompt template services	PR1_CORE_WORKFLOW	PORT_MINIMAL	BASELINE_CORRECTNESS	Exactly three read-only tools and bilingual behavior	Provisioner/domain prompt contract	Wrapper mock details	no	HIGH	git diff 4e7d9fe..5375990a -- backend/prompts/nl2agent_system_prompt_zh.yaml; design §3 §8	-
backend/pyproject.toml	generated contracts/test dependency	§11 §15 §17	Canonical Backend Card validation and test dependencies	Declares jsonschema and prototype fakeredis	Existing dependency management	PR5_DELIVERY_RECOVERY_AND_RELEASE	CONSOLIDATE	BASELINE_CORRECTNESS	jsonschema Card validation	Remove fakeredis with Redis tests	fakeredis dependency	no	HIGH	git diff 4e7d9fe..5375990a -- backend/pyproject.toml; design §11 §15 §17	Keep jsonschema; omit fakeredis
backend/scripts/export_nl2agent_openapi.py	generated contracts	§11 §13 §15	Strict synchronized Card and API contracts	Canonical source/generator	FastAPI OpenAPI and contract generation	GENERATED	REGENERATE	BASELINE_CORRECTNESS	Schema/API behavior	Regeneration/drift tests	Snapshot-specific text	no	HIGH	git diff 4e7d9fe..5375990a -- backend/scripts/export_nl2agent_openapi.py; design §11 §13 §15	-
backend/services/agent_service.py	backend integration	§3-14	Core Builder runtime and service integration	Existing Backend extension	Existing service/application layer	PR1_CORE_WORKFLOW	PORT_MINIMAL	BASELINE_CORRECTNESS	Identity transaction behavior	Narrow clean-branch boundary	Prototype compatibility	no	HIGH	git diff 4e7d9fe..5375990a -- backend/services/agent_service.py; design §3-14	-
backend/services/conversation_management_service.py	backend integration	§3-14	Core Builder runtime and service integration	Existing Backend extension	Existing service/application layer	PR1_CORE_WORKFLOW	PORT_MINIMAL	BASELINE_CORRECTNESS	Identity transaction behavior	Narrow clean-branch boundary	Prototype compatibility	no	HIGH	git diff 4e7d9fe..5375990a -- backend/services/conversation_management_service.py; design §3-14	-
backend/services/nl2agent_catalog_service.py	online catalogs/search	§9.1 §9.3 §9.4 §9.5	Registry Community official search and trusted proof	Catalog adapter/search normalization	Existing Registry Community official Skill providers	PR3_ONLINE_CATALOGS	CONSOLIDATE	MIXED	Fail-soft bounded normalized exact batches	Inline catalog/Backend normalizer/unified proof	Shared snapshot/cache implementation	no	HIGH	git diff 4e7d9fe..5375990a -- backend/services/nl2agent_catalog_service.py; design §9.1 §9.3 §9.4 §9.5	-
backend/services/nl2agent_mcp_service.py	MCP installation/binding	§9.3 §10.4 §10.5 §14	MCP search configuration install health discovery bind/skip	MCP integration/service/UI	remote_mcp_service, Tool discovery and ToolInstance persistence	PR4_INSTALLATION_AND_BINDING	REWRITE_USING_EXISTING_NEXENT_SERVICE	MIXED	Install/discover/bind/idempotency/recovery	Redis/wrapper/mock-call details	Advanced-only or duplicate assertions	no	HIGH	git diff 4e7d9fe..5375990a -- backend/services/nl2agent_mcp_service.py; design §9.3 §10.4 §10.5 §14	Baseline correctness remains
backend/services/nl2agent_mcp_url_security.py	MCP network security	§14.3	Validate MCP destinations	Custom URL resolver and pinned transport	Existing verified HTTP/MCP client	PR4_INSTALLATION_AND_BINDING	CONSOLIDATE	MIXED	HTTP/HTTPS userinfo/TLS baseline	Baseline fallback tests	Deferred pinning/private/proxy/redirect tests	no	HIGH	git diff 4e7d9fe..5375990a -- backend/services/nl2agent_mcp_url_security.py; design §14.3	Advanced controls deferred, baseline retained
backend/services/nl2agent_publication_service.py	core workflow/finalize	§7 §10.1 §10.2 §10.6	Requirements models identity review Finalize	Workflow/evaluator/service/Card	Existing Agent/model/resource transaction services	PR1_CORE_WORKFLOW	CONSOLIDATE	BASELINE_CORRECTNESS	Stage gates persisted truth draft_ready	Facade/projection/mock details	Duplicate implementation assertions	no	HIGH	git diff 4e7d9fe..5375990a -- backend/services/nl2agent_publication_service.py; design §7 §10.1 §10.2 §10.6	-
backend/services/nl2agent_resource_service.py	local resources	§10.3	Atomic local Apply/Skip	Resource application service	ToolInstance/SkillInstance persistence	PR2_LOCAL_RESOURCES	REWRITE_USING_EXISTING_NEXENT_SERVICE	BASELINE_CORRECTNESS	Strict config atomicity idempotency	One transaction no Redis reservation	Mock reconciliation details	no	HIGH	git diff 4e7d9fe..5375990a -- backend/services/nl2agent_resource_service.py; design §10.3	-
backend/services/nl2agent_seed_service.py	Runner/prompt	§3 §8	Builder readiness and bilingual guided flow	Runner definition/provisioning/prompt	Agent seed and Prompt template services	PR1_CORE_WORKFLOW	PORT_MINIMAL	BASELINE_CORRECTNESS	Exactly three read-only tools and bilingual behavior	Provisioner/domain prompt contract	Wrapper mock details	no	HIGH	git diff 4e7d9fe..5375990a -- backend/services/nl2agent_seed_service.py; design §3 §8	-
backend/services/nl2agent_service.py	service facade	§3-13	Orchestrates all feature actions	Large facade/dependency assembly	Existing Agent/Conversation/model/resource services	PR1_CORE_WORKFLOW	CONSOLIDATE	BASELINE_CORRECTNESS	Observable orchestration outcomes	Route to narrow services/repositories	Pass-through aliases/dependency bundle assertions	no	HIGH	git diff 4e7d9fe..5375990a -- backend/services/nl2agent_service.py; design §3-13	-
backend/services/nl2agent_session_lifecycle_service.py	backend integration	§3-14	Core Builder runtime and service integration	Existing Backend extension	Existing service/application layer	PR1_CORE_WORKFLOW	PORT_MINIMAL	BASELINE_CORRECTNESS	Identity transaction behavior	Narrow clean-branch boundary	Prototype compatibility	no	HIGH	git diff 4e7d9fe..5375990a -- backend/services/nl2agent_session_lifecycle_service.py; design §3-14	-
backend/services/nl2agent_session_service.py	backend integration	§3-14	Core Builder runtime and service integration	Existing Backend extension	Existing service/application layer	PR1_CORE_WORKFLOW	PORT_MINIMAL	BASELINE_CORRECTNESS	Identity transaction behavior	Narrow clean-branch boundary	Prototype compatibility	no	HIGH	git diff 4e7d9fe..5375990a -- backend/services/nl2agent_session_service.py; design §3-14	-
backend/services/nl2agent_summary_service.py	core workflow/finalize	§7 §10.1 §10.2 §10.6	Requirements models identity review Finalize	Workflow/evaluator/service/Card	Existing Agent/model/resource transaction services	PR1_CORE_WORKFLOW	CONSOLIDATE	BASELINE_CORRECTNESS	Stage gates persisted truth draft_ready	Facade/projection/mock details	Duplicate implementation assertions	no	HIGH	git diff 4e7d9fe..5375990a -- backend/services/nl2agent_summary_service.py; design §7 §10.1 §10.2 §10.6	-
backend/services/nl2agent_workflow_service.py	core workflow/finalize	§7 §10.1 §10.2 §10.6	Requirements models identity review Finalize	Workflow/evaluator/service/Card	Existing Agent/model/resource transaction services	PR1_CORE_WORKFLOW	CONSOLIDATE	BASELINE_CORRECTNESS	Stage gates persisted truth draft_ready	Facade/projection/mock details	Duplicate implementation assertions	no	HIGH	git diff 4e7d9fe..5375990a -- backend/services/nl2agent_workflow_service.py; design §7 §10.1 §10.2 §10.6	-
backend/services/prompt_service.py	backend integration	§3-14	Core Builder runtime and service integration	Existing Backend extension	Existing service/application layer	PR1_CORE_WORKFLOW	PORT_MINIMAL	BASELINE_CORRECTNESS	Identity transaction behavior	Narrow clean-branch boundary	Prototype compatibility	no	HIGH	git diff 4e7d9fe..5375990a -- backend/services/prompt_service.py; design §3-14	-
backend/services/remote_mcp_service.py	MCP installation/binding	§9.3 §10.4 §10.5 §14	MCP search configuration install health discovery bind/skip	MCP integration/service/UI	remote_mcp_service, Tool discovery and ToolInstance persistence	PR4_INSTALLATION_AND_BINDING	REWRITE_USING_EXISTING_NEXENT_SERVICE	MIXED	Install/discover/bind/idempotency/recovery	Redis/wrapper/mock-call details	Advanced-only or duplicate assertions	no	HIGH	git diff 4e7d9fe..5375990a -- backend/services/remote_mcp_service.py; design §9.3 §10.4 §10.5 §14	Baseline correctness remains
backend/services/skill_service.py	Skill catalog/installation	§9.4 §10.5 §14	Official/local Skill search install recovery and binding	Skill provider/service/UI integration	Existing SkillService, official ZIP installer and SkillInstance	PR4_INSTALLATION_AND_BINDING	REWRITE_USING_EXISTING_NEXENT_SERVICE	BASELINE_CORRECTNESS	Tenant scope resource_missing install/bind/retry	Wrapper mocks and status projection	Duplicate implementation assertions	no	HIGH	git diff 4e7d9fe..5375990a -- backend/services/skill_service.py; design §9.4 §10.5 §14	-
backend/services/tool_configuration_service.py	local resources	§9.2 §10.3 §14.2	Local Tool/Skill search configure Apply/Skip	Local resource search/config/binding	list_all_tools, ToolConfigurationService, ToolInstance/SkillInstance	PR2_LOCAL_RESOURCES	REWRITE_USING_EXISTING_NEXENT_SERVICE	BASELINE_CORRECTNESS	Search/config/atomic binding/secret behavior	Reservations/Redis/wrapper calls	Duplicate mock-only assertions	no	HIGH	git diff 4e7d9fe..5375990a -- backend/services/tool_configuration_service.py; design §9.2 §10.3 §14.2	-
backend/utils/nl2agent_card_validation.py	Card delivery/rendering	§11 §12	Strict Card render registration Delivery retry	Card parser/renderer/stream lifecycle	Existing Markdown/chat final-message boundary	PR5_DELIVERY_RECOVERY_AND_RELEASE	CONSOLIDATE	BASELINE_CORRECTNESS	Strict schema latest message registration receipt retry	One verifier/AST/coordinator	Fallback/duplicate parser-only assertions where unneeded	no	HIGH	git diff 4e7d9fe..5375990a -- backend/utils/nl2agent_card_validation.py; design §11 §12	-
backend/utils/nl2agent_catalog_snapshot.py	online catalogs/search	§9.1 §9.3 §9.4 §9.5	Registry Community official search and trusted proof	Catalog adapter/search normalization	Existing Registry Community official Skill providers	PR3_ONLINE_CATALOGS	CONSOLIDATE	MIXED	Fail-soft bounded normalized exact batches	Inline catalog/Backend normalizer/unified proof	Shared snapshot/cache implementation	no	HIGH	git diff 4e7d9fe..5375990a -- backend/utils/nl2agent_catalog_snapshot.py; design §9.1 §9.3 §9.4 §9.5	-
backend/utils/prompt_template_utils.py	backend integration	§3-14	Core Builder runtime and service integration	Existing Backend extension	Existing service/application layer	PR1_CORE_WORKFLOW	PORT_MINIMAL	BASELINE_CORRECTNESS	Identity transaction behavior	Narrow clean-branch boundary	Prototype compatibility	no	HIGH	git diff 4e7d9fe..5375990a -- backend/utils/prompt_template_utils.py; design §3-14	-
contracts/nl2agent-card.schema.json	generated contracts	§11 §13 §15	Strict synchronized Card and API contracts	Canonical Card schema source	JSON Schema consumed by Backend validator and frontend generator	PR5_DELIVERY_RECOVERY_AND_RELEASE	PORT_MINIMAL	BASELINE_CORRECTNESS	Seven logical Card payloads, strict bounds and tags	Extend by PR then finalize in PR5	Snapshot-only formatting assertions	no	HIGH	git diff 4e7d9fe..5375990a -- contracts/nl2agent-card.schema.json; design §11 §15	Canonical source, not a generated artifact
contracts/nl2agent-openapi.json	generated contracts	§11 §13 §15	Strict synchronized Card and API contracts	Generated artifact	FastAPI OpenAPI and contract generation	GENERATED	REGENERATE	BASELINE_CORRECTNESS	Schema/API behavior	Regeneration/drift tests	Snapshot-specific text	yes	HIGH	git diff 4e7d9fe..5375990a -- contracts/nl2agent-openapi.json; design §11 §13 §15	-
deploy/common/run_local_sql_migrations.py	persistence/deploy	§16	Local schema readiness	Migration runner/guard	Existing checksum/advisory migration runner	PR5_DELIVERY_RECOVERY_AND_RELEASE	CONSOLIDATE	BASELINE_CORRECTNESS	Lock/checksum/schema readiness	Remove v0718-specific checks	Prototype migration expectations	no	HIGH	git diff 4e7d9fe..5375990a -- deploy/common/run_local_sql_migrations.py; design §16	-
deploy/docker/generate_env.sh	deployment	§16	Deploy/fresh install parity	Deployment schema/config integration	Existing deploy and migration framework	PR5_DELIVERY_RECOVERY_AND_RELEASE	PORT_MINIMAL	BASELINE_CORRECTNESS	Fresh/upgrade parity	Final single-migration expectations	Prototype flags/paths	no	HIGH	git diff 4e7d9fe..5375990a -- deploy/docker/generate_env.sh; design §16	-
deploy/images/dockerfiles/main/Dockerfile	deployment	§16	Deploy/fresh install parity	Deployment schema/config integration	Existing deploy and migration framework	PR5_DELIVERY_RECOVERY_AND_RELEASE	PORT_MINIMAL	BASELINE_CORRECTNESS	Fresh/upgrade parity	Final single-migration expectations	Prototype flags/paths	no	HIGH	git diff 4e7d9fe..5375990a -- deploy/images/dockerfiles/main/Dockerfile; design §16	-
deploy/k8s/deploy.sh	deployment	§16	Deploy/fresh install parity	Deployment schema/config integration	Existing deploy and migration framework	PR5_DELIVERY_RECOVERY_AND_RELEASE	PORT_MINIMAL	BASELINE_CORRECTNESS	Fresh/upgrade parity	Final single-migration expectations	Prototype flags/paths	no	HIGH	git diff 4e7d9fe..5375990a -- deploy/k8s/deploy.sh; design §16	-
deploy/k8s/helm/nexent/charts/nexent-common/templates/configmap.yaml	deployment	§16	Deploy/fresh install parity	Deployment schema/config integration	Existing deploy and migration framework	PR5_DELIVERY_RECOVERY_AND_RELEASE	PORT_MINIMAL	BASELINE_CORRECTNESS	Fresh/upgrade parity	Final single-migration expectations	Prototype flags/paths	no	HIGH	git diff 4e7d9fe..5375990a -- deploy/k8s/helm/nexent/charts/nexent-common/templates/configmap.yaml; design §16	-
deploy/k8s/helm/nexent/charts/nexent-common/values.yaml	deployment	§16	Deploy/fresh install parity	Deployment schema/config integration	Existing deploy and migration framework	PR5_DELIVERY_RECOVERY_AND_RELEASE	PORT_MINIMAL	BASELINE_CORRECTNESS	Fresh/upgrade parity	Final single-migration expectations	Prototype flags/paths	no	HIGH	git diff 4e7d9fe..5375990a -- deploy/k8s/helm/nexent/charts/nexent-common/values.yaml; design §16	-
deploy/sql/init.sql	deployment	§16	Deploy/fresh install parity	Deployment schema/config integration	Existing deploy and migration framework	PR5_DELIVERY_RECOVERY_AND_RELEASE	CONSOLIDATE	BASELINE_CORRECTNESS	Fresh/upgrade parity	Final single-migration expectations	Prototype flags/paths	no	HIGH	git diff 4e7d9fe..5375990a -- deploy/sql/init.sql; design §16	-
deploy/sql/migrations/v2.3.0_0716_add_nl2agent_session.sql	persistence/deploy	§16	Upgrade schema	Prototype migration step	Standard migration runner	OMIT	OMIT_FROM_CLEAN_BRANCH	BASELINE_CORRECTNESS	Final schema parity	Squashed migration tests	Prototype-ID/backfill assertions	no	HIGH	git diff 4e7d9fe..5375990a -- deploy/sql/migrations/v2.3.0_0716_add_nl2agent_session.sql; design §16	Replaced by one final migration
deploy/sql/migrations/v2.3.0_0717_index_nl2agent_session_cleanup.sql	persistence/deploy	§16	Upgrade schema	Prototype migration step	Standard migration runner	OMIT	OMIT_FROM_CLEAN_BRANCH	BASELINE_CORRECTNESS	Final schema parity	Squashed migration tests	Prototype-ID/backfill assertions	no	HIGH	git diff 4e7d9fe..5375990a -- deploy/sql/migrations/v2.3.0_0717_index_nl2agent_session_cleanup.sql; design §16	Replaced by one final migration
deploy/sql/migrations/v2.3.0_0717_share_nl2agent_catalog_snapshots.sql	persistence/deploy	§16	Upgrade schema	Prototype migration step	Standard migration runner	OMIT	OMIT_FROM_CLEAN_BRANCH	BASELINE_CORRECTNESS	Final schema parity	Squashed migration tests	Prototype-ID/backfill assertions	no	HIGH	git diff 4e7d9fe..5375990a -- deploy/sql/migrations/v2.3.0_0717_share_nl2agent_catalog_snapshots.sql; design §16	Replaced by one final migration
deploy/sql/migrations/v2.3.0_0717_unique_nl2agent_builder.sql	persistence/deploy	§16	Upgrade schema	Prototype migration step	Standard migration runner	OMIT	OMIT_FROM_CLEAN_BRANCH	BASELINE_CORRECTNESS	Final schema parity	Squashed migration tests	Prototype-ID/backfill assertions	no	HIGH	git diff 4e7d9fe..5375990a -- deploy/sql/migrations/v2.3.0_0717_unique_nl2agent_builder.sql; design §16	Replaced by one final migration
deploy/sql/migrations/v2.3.0_0718_persist_nl2agent_runner.sql	persistence/deploy	§16	Upgrade schema	Prototype migration step	Standard migration runner	OMIT	OMIT_FROM_CLEAN_BRANCH	BASELINE_CORRECTNESS	Final schema parity	Squashed migration tests	Prototype-ID/backfill assertions	no	HIGH	git diff 4e7d9fe..5375990a -- deploy/sql/migrations/v2.3.0_0718_persist_nl2agent_runner.sql; design §16	Replaced by one final migration
doc/docs/en/developer-guide/environment-setup.md	documentation	§1-18	Documents current implementation	Snapshot design/walkthrough/review asset	Clean reconstruction documents	OMIT	OMIT_FROM_CLEAN_BRANCH	NONE	N/A	N/A	N/A	no	HIGH	git diff 4e7d9fe..5375990a -- doc/docs/en/developer-guide/environment-setup.md; design §1-18	Historical evidence only; do not port as production
doc/docs/zh/developer-guide/assets/nl2agent-frontend-cards.svg	documentation	§1-18	Documents current implementation	Snapshot design/walkthrough/review asset	Clean reconstruction documents	OMIT	OMIT_FROM_CLEAN_BRANCH	NONE	N/A	N/A	N/A	no	HIGH	git diff 4e7d9fe..5375990a -- doc/docs/zh/developer-guide/assets/nl2agent-frontend-cards.svg; design §1-18	Historical evidence only; do not port as production
doc/docs/zh/developer-guide/assets/nl2agent-frontend-entry.svg	documentation	§1-18	Documents current implementation	Snapshot design/walkthrough/review asset	Clean reconstruction documents	OMIT	OMIT_FROM_CLEAN_BRANCH	NONE	N/A	N/A	N/A	no	HIGH	git diff 4e7d9fe..5375990a -- doc/docs/zh/developer-guide/assets/nl2agent-frontend-entry.svg; design §1-18	Historical evidence only; do not port as production
doc/docs/zh/developer-guide/assets/nl2agent-frontend-rendering-flow.svg	documentation	§1-18	Documents current implementation	Snapshot design/walkthrough/review asset	Clean reconstruction documents	OMIT	OMIT_FROM_CLEAN_BRANCH	NONE	N/A	N/A	N/A	no	HIGH	git diff 4e7d9fe..5375990a -- doc/docs/zh/developer-guide/assets/nl2agent-frontend-rendering-flow.svg; design §1-18	Historical evidence only; do not port as production
doc/docs/zh/developer-guide/environment-setup.md	documentation	§1-18	Documents current implementation	Snapshot design/walkthrough/review asset	Clean reconstruction documents	OMIT	OMIT_FROM_CLEAN_BRANCH	NONE	N/A	N/A	N/A	no	HIGH	git diff 4e7d9fe..5375990a -- doc/docs/zh/developer-guide/environment-setup.md; design §1-18	Historical evidence only; do not port as production
doc/docs/zh/developer-guide/nl2agent-code-smell-review.md	documentation	§1-18	Documents current implementation	Snapshot design/walkthrough/review asset	Clean reconstruction documents	OMIT	OMIT_FROM_CLEAN_BRANCH	NONE	N/A	N/A	N/A	no	HIGH	git diff 4e7d9fe..5375990a -- doc/docs/zh/developer-guide/nl2agent-code-smell-review.md; design §1-18	Historical evidence only; do not port as production
doc/docs/zh/developer-guide/nl2agent-code-walkthrough.md	documentation	§1-18	Documents current implementation	Snapshot design/walkthrough/review asset	Clean reconstruction documents	OMIT	OMIT_FROM_CLEAN_BRANCH	NONE	N/A	N/A	N/A	no	HIGH	git diff 4e7d9fe..5375990a -- doc/docs/zh/developer-guide/nl2agent-code-walkthrough.md; design §1-18	Historical evidence only; do not port as production
doc/docs/zh/developer-guide/nl2agent-design.md	documentation	§1-18	Documents current implementation	Snapshot design/walkthrough/review asset	Clean reconstruction documents	OMIT	OMIT_FROM_CLEAN_BRANCH	NONE	N/A	N/A	N/A	no	HIGH	git diff 4e7d9fe..5375990a -- doc/docs/zh/developer-guide/nl2agent-design.md; design §1-18	Historical evidence only; do not port as production
doc/docs/zh/developer-guide/nl2agent-gap-merge-plan.md	documentation	§1-18	Documents current implementation	Snapshot design/walkthrough/review asset	Clean reconstruction documents	OMIT	OMIT_FROM_CLEAN_BRANCH	NONE	N/A	N/A	N/A	no	HIGH	git diff 4e7d9fe..5375990a -- doc/docs/zh/developer-guide/nl2agent-gap-merge-plan.md; design §1-18	Historical evidence only; do not port as production
frontend/app/[locale]/agents/components/AgentManageComp.tsx	frontend core/recovery	§3 §6 §11 §12	Builder entry chat integration and recovery	Frontend entry/chat/API/i18n integration	Existing chat Provider services i18n proxy	PR1_CORE_WORKFLOW	PORT_MINIMAL	BASELINE_CORRECTNESS	Entry IDs recovery routing visible labels	Generated types and one Provider	Prototype handoff/duplicate infrastructure	no	HIGH	git diff 4e7d9fe..5375990a -- frontend/app/[locale]/agents/components/AgentManageComp.tsx; design §3 §6 §11 §12	-
frontend/app/[locale]/agents/components/AgentSelectorHeader.tsx	frontend core/recovery	§3 §6 §11 §12	Builder entry chat integration and recovery	Frontend entry/chat/API/i18n integration	Existing chat Provider services i18n proxy	PR1_CORE_WORKFLOW	PORT_MINIMAL	BASELINE_CORRECTNESS	Entry IDs recovery routing visible labels	Generated types and one Provider	Prototype handoff/duplicate infrastructure	no	HIGH	git diff 4e7d9fe..5375990a -- frontend/app/[locale]/agents/components/AgentSelectorHeader.tsx; design §3 §6 §11 §12	-
frontend/app/[locale]/chat/internal/chatInterface.tsx	frontend core/recovery	§3 §6 §11 §12	Builder entry chat integration and recovery	Frontend entry/chat/API/i18n integration	Existing chat Provider services i18n proxy	PR1_CORE_WORKFLOW	PORT_MINIMAL	BASELINE_CORRECTNESS	Entry IDs recovery routing visible labels	Generated types and one Provider	Prototype handoff/duplicate infrastructure	no	HIGH	git diff 4e7d9fe..5375990a -- frontend/app/[locale]/chat/internal/chatInterface.tsx; design §3 §6 §11 §12	-
frontend/app/[locale]/chat/streaming/chatStreamFinalMessage.tsx	Card delivery/rendering	§11 §12	Strict Card render registration Delivery retry	Card parser/renderer/stream lifecycle	Existing Markdown/chat final-message boundary	PR5_DELIVERY_RECOVERY_AND_RELEASE	CONSOLIDATE	BASELINE_CORRECTNESS	Strict schema latest message registration receipt retry	One verifier/AST/coordinator	Fallback/duplicate parser-only assertions where unneeded	no	HIGH	git diff 4e7d9fe..5375990a -- frontend/app/[locale]/chat/streaming/chatStreamFinalMessage.tsx; design §11 §12	-
frontend/app/[locale]/chat/streaming/chatStreamMain.tsx	Card delivery/rendering	§11 §12	Strict Card render registration Delivery retry	Card parser/renderer/stream lifecycle	Existing Markdown/chat final-message boundary	PR5_DELIVERY_RECOVERY_AND_RELEASE	CONSOLIDATE	BASELINE_CORRECTNESS	Strict schema latest message registration receipt retry	One verifier/AST/coordinator	Fallback/duplicate parser-only assertions where unneeded	no	HIGH	git diff 4e7d9fe..5375990a -- frontend/app/[locale]/chat/streaming/chatStreamMain.tsx; design §11 §12	-
frontend/app/[locale]/chat/streaming/taskWindow.tsx	Card delivery/rendering	§11 §12	Strict Card render registration Delivery retry	Card parser/renderer/stream lifecycle	Existing Markdown/chat final-message boundary	PR5_DELIVERY_RECOVERY_AND_RELEASE	CONSOLIDATE	BASELINE_CORRECTNESS	Strict schema latest message registration receipt retry	One verifier/AST/coordinator	Fallback/duplicate parser-only assertions where unneeded	no	HIGH	git diff 4e7d9fe..5375990a -- frontend/app/[locale]/chat/streaming/taskWindow.tsx; design §11 §12	-
frontend/app/[locale]/mcp-space/components/add/AddMcpServiceModal.tsx	MCP installation/binding	§9.3 §10.4 §10.5 §14	MCP search configuration install health discovery bind/skip	MCP integration/service/UI	remote_mcp_service, Tool discovery and ToolInstance persistence	PR4_INSTALLATION_AND_BINDING	OMIT_FROM_CLEAN_BRANCH	MIXED	Install/discover/bind/idempotency/recovery	Redis/wrapper/mock-call details	Prototype modal prefill compatibility	no	HIGH	git diff 4e7d9fe..5375990a -- frontend/app/[locale]/mcp-space/components/add/AddMcpServiceModal.tsx; design §9.3 §10.4 §10.5 §14	Current final flow uses dedicated trusted configuration Card
frontend/app/[locale]/mcp-space/components/add/local/AddMcpServiceLocalSection.tsx	MCP installation/binding	§9.3 §10.4 §10.5 §14	MCP search configuration install health discovery bind/skip	MCP integration/service/UI	remote_mcp_service, Tool discovery and ToolInstance persistence	PR4_INSTALLATION_AND_BINDING	OMIT_FROM_CLEAN_BRANCH	MIXED	Install/discover/bind/idempotency/recovery	Redis/wrapper/mock-call details	Prototype modal prefill compatibility	no	HIGH	git diff 4e7d9fe..5375990a -- frontend/app/[locale]/mcp-space/components/add/local/AddMcpServiceLocalSection.tsx; design §9.3 §10.4 §10.5 §14	Current final flow uses dedicated trusted configuration Card
frontend/components/common/__tests__/markdownHeadings.vitest.test.ts	frontend core/recovery	§3 §6 §11 §12	Builder entry chat integration and recovery	Frontend behavior/test infrastructure	Existing chat Provider services i18n proxy	PR5_DELIVERY_RECOVERY_AND_RELEASE	CONSOLIDATE	BASELINE_CORRECTNESS	Entry IDs recovery routing visible labels	Generated types and one Provider	Prototype handoff/duplicate infrastructure	no	HIGH	git diff 4e7d9fe..5375990a -- frontend/components/common/__tests__/markdownHeadings.vitest.test.ts; design §3 §6 §11 §12	-
frontend/components/common/markdownHeadings.tsx	frontend core/recovery	§3 §6 §11 §12	Builder entry chat integration and recovery	Frontend entry/chat/API/i18n integration	Existing chat Provider services i18n proxy	PR1_CORE_WORKFLOW	PORT_MINIMAL	BASELINE_CORRECTNESS	Entry IDs recovery routing visible labels	Generated types and one Provider	Prototype handoff/duplicate infrastructure	no	HIGH	git diff 4e7d9fe..5375990a -- frontend/components/common/markdownHeadings.tsx; design §3 §6 §11 §12	-
frontend/components/common/markdownRenderer.tsx	Card delivery/rendering	§11 §12	Strict Card render registration Delivery retry	Card parser/renderer/stream lifecycle	Existing Markdown/chat final-message boundary	PR5_DELIVERY_RECOVERY_AND_RELEASE	CONSOLIDATE	BASELINE_CORRECTNESS	Strict schema latest message registration receipt retry	One verifier/AST/coordinator	Fallback/duplicate parser-only assertions where unneeded	no	HIGH	git diff 4e7d9fe..5375990a -- frontend/components/common/markdownRenderer.tsx; design §11 §12	-
frontend/components/nl2agent/AgentIdentityCard.tsx	core workflow/finalize	§7 §10.1 §10.2 §10.6	Requirements models identity review Finalize	Workflow/evaluator/service/Card	Existing Agent/model/resource transaction services	PR1_CORE_WORKFLOW	CONSOLIDATE	BASELINE_CORRECTNESS	Stage gates persisted truth draft_ready	Facade/projection/mock details	Duplicate implementation assertions	no	HIGH	git diff 4e7d9fe..5375990a -- frontend/components/nl2agent/AgentIdentityCard.tsx; design §7 §10.1 §10.2 §10.6	-
frontend/components/nl2agent/FinalizeCard.tsx	core workflow/finalize	§7 §10.1 §10.2 §10.6	Requirements models identity review Finalize	Workflow/evaluator/service/Card	Existing Agent/model/resource transaction services	PR1_CORE_WORKFLOW	CONSOLIDATE	BASELINE_CORRECTNESS	Stage gates persisted truth draft_ready	Facade/projection/mock details	Duplicate implementation assertions	no	HIGH	git diff 4e7d9fe..5375990a -- frontend/components/nl2agent/FinalizeCard.tsx; design §7 §10.1 §10.2 §10.6	-
frontend/components/nl2agent/LocalResourcesCard.tsx	local resources	§9.2 §10.3 §14.2	Local Tool/Skill search configure Apply/Skip	Local resource search/config/binding	list_all_tools, ToolConfigurationService, ToolInstance/SkillInstance	PR2_LOCAL_RESOURCES	REWRITE_USING_EXISTING_NEXENT_SERVICE	BASELINE_CORRECTNESS	Search/config/atomic binding/secret behavior	Reservations/Redis/wrapper calls	Duplicate mock-only assertions	no	HIGH	git diff 4e7d9fe..5375990a -- frontend/components/nl2agent/LocalResourcesCard.tsx; design §9.2 §10.3 §14.2	-
frontend/components/nl2agent/ModelSelectionCard.tsx	core workflow/finalize	§7 §10.1 §10.2 §10.6	Requirements models identity review Finalize	Workflow/evaluator/service/Card	Existing Agent/model/resource transaction services	PR1_CORE_WORKFLOW	CONSOLIDATE	BASELINE_CORRECTNESS	Stage gates persisted truth draft_ready	Facade/projection/mock details	Duplicate implementation assertions	no	HIGH	git diff 4e7d9fe..5375990a -- frontend/components/nl2agent/ModelSelectionCard.tsx; design §7 §10.1 §10.2 §10.6	-
frontend/components/nl2agent/Nl2AgentWorkflowContext.tsx	frontend recovery/continuation	§6.2 §12	Refresh Conversation switch hidden continuation	Provider/hook/chat state integration	Existing chat selected Conversation and run/history	PR5_DELIVERY_RECOVERY_AND_RELEASE	CONSOLIDATE	BASELINE_CORRECTNESS	Scope recovery busy ordering hidden send	Single Provider/coordinator generated types	sessionStorage authority and duplicated maps	no	HIGH	git diff 4e7d9fe..5375990a -- frontend/components/nl2agent/Nl2AgentWorkflowContext.tsx; design §6.2 §12	-
frontend/components/nl2agent/OnlineConfigurationBar.tsx	MCP installation/binding	§9.3 §10.4 §10.5 §14	MCP search configuration install health discovery bind/skip	MCP integration/service/UI	remote_mcp_service, Tool discovery and ToolInstance persistence	PR4_INSTALLATION_AND_BINDING	REWRITE_USING_EXISTING_NEXENT_SERVICE	MIXED	Install/discover/bind/idempotency/recovery	Redis/wrapper/mock-call details	Advanced-only or duplicate assertions	no	HIGH	git diff 4e7d9fe..5375990a -- frontend/components/nl2agent/OnlineConfigurationBar.tsx; design §9.3 §10.4 §10.5 §14	Baseline correctness remains
frontend/components/nl2agent/RequirementsSummaryCard.tsx	core workflow/finalize	§7 §10.1 §10.2 §10.6	Requirements models identity review Finalize	Workflow/evaluator/service/Card	Existing Agent/model/resource transaction services	PR1_CORE_WORKFLOW	CONSOLIDATE	BASELINE_CORRECTNESS	Stage gates persisted truth draft_ready	Facade/projection/mock details	Duplicate implementation assertions	no	HIGH	git diff 4e7d9fe..5375990a -- frontend/components/nl2agent/RequirementsSummaryCard.tsx; design §7 §10.1 §10.2 §10.6	-
frontend/components/nl2agent/WebMcpCard.tsx	MCP installation/binding	§9.3 §10.4 §10.5 §14	MCP search configuration install health discovery bind/skip	MCP integration/service/UI	remote_mcp_service, Tool discovery and ToolInstance persistence	PR4_INSTALLATION_AND_BINDING	REWRITE_USING_EXISTING_NEXENT_SERVICE	MIXED	Install/discover/bind/idempotency/recovery	Redis/wrapper/mock-call details	Advanced-only or duplicate assertions	no	HIGH	git diff 4e7d9fe..5375990a -- frontend/components/nl2agent/WebMcpCard.tsx; design §9.3 §10.4 §10.5 §14	Baseline correctness remains
frontend/components/nl2agent/WebMcpInstallConfiguration.tsx	MCP installation/binding	§9.3 §10.4 §10.5 §14	MCP search configuration install health discovery bind/skip	MCP integration/service/UI	remote_mcp_service, Tool discovery and ToolInstance persistence	PR4_INSTALLATION_AND_BINDING	REWRITE_USING_EXISTING_NEXENT_SERVICE	MIXED	Install/discover/bind/idempotency/recovery	Redis/wrapper/mock-call details	Advanced-only or duplicate assertions	no	HIGH	git diff 4e7d9fe..5375990a -- frontend/components/nl2agent/WebMcpInstallConfiguration.tsx; design §9.3 §10.4 §10.5 §14	Baseline correctness remains
frontend/components/nl2agent/WebSkillCard.tsx	Skill catalog/installation	§9.4 §10.5 §14	Official/local Skill search install recovery and binding	Skill provider/service/UI integration	Existing SkillService, official ZIP installer and SkillInstance	PR4_INSTALLATION_AND_BINDING	REWRITE_USING_EXISTING_NEXENT_SERVICE	BASELINE_CORRECTNESS	Tenant scope resource_missing install/bind/retry	Wrapper mocks and status projection	Duplicate implementation assertions	no	HIGH	git diff 4e7d9fe..5375990a -- frontend/components/nl2agent/WebSkillCard.tsx; design §9.4 §10.5 §14	-
frontend/components/nl2agent/__tests__/cardDeliveryPresentation.vitest.test.ts	Card delivery/rendering	§11 §12	Strict Card render registration Delivery retry	Card behavior tests	Existing Markdown/chat final-message boundary	PR5_DELIVERY_RECOVERY_AND_RELEASE	CONSOLIDATE	BASELINE_CORRECTNESS	Strict schema latest message registration receipt retry	One verifier/AST/coordinator	Fallback/duplicate parser-only assertions where unneeded	no	HIGH	git diff 4e7d9fe..5375990a -- frontend/components/nl2agent/__tests__/cardDeliveryPresentation.vitest.test.ts; design §11 §12	-
frontend/components/nl2agent/__tests__/cardLifecycle.vitest.test.tsx	Card delivery/rendering	§11 §12	Strict Card render registration Delivery retry	Card behavior tests	Existing Markdown/chat final-message boundary	PR5_DELIVERY_RECOVERY_AND_RELEASE	CONSOLIDATE	BASELINE_CORRECTNESS	Strict schema latest message registration receipt retry	One verifier/AST/coordinator	Fallback/duplicate parser-only assertions where unneeded	no	HIGH	git diff 4e7d9fe..5375990a -- frontend/components/nl2agent/__tests__/cardLifecycle.vitest.test.tsx; design §11 §12	-
frontend/components/nl2agent/__tests__/cardValidation.vitest.test.ts	Card delivery/rendering	§11 §12	Strict Card render registration Delivery retry	Card behavior tests	Existing Markdown/chat final-message boundary	PR5_DELIVERY_RECOVERY_AND_RELEASE	CONSOLIDATE	BASELINE_CORRECTNESS	Strict schema latest message registration receipt retry	One verifier/AST/coordinator	Fallback/duplicate parser-only assertions where unneeded	no	HIGH	git diff 4e7d9fe..5375990a -- frontend/components/nl2agent/__tests__/cardValidation.vitest.test.ts; design §11 §12	-
frontend/components/nl2agent/__tests__/finalMessageCardDeliveryIntegration.vitest.test.tsx	Card delivery/rendering	§11 §12	Strict Card render registration Delivery retry	Card behavior tests	Existing Markdown/chat final-message boundary	PR5_DELIVERY_RECOVERY_AND_RELEASE	CONSOLIDATE	BASELINE_CORRECTNESS	Strict schema latest message registration receipt retry	One verifier/AST/coordinator	Fallback/duplicate parser-only assertions where unneeded	no	HIGH	git diff 4e7d9fe..5375990a -- frontend/components/nl2agent/__tests__/finalMessageCardDeliveryIntegration.vitest.test.tsx; design §11 §12	-
frontend/components/nl2agent/__tests__/localResourceConfig.vitest.test.tsx	local resources	§9.2 §10.3 §14.2	Local Tool/Skill search configure Apply/Skip	Local resource behavior tests	list_all_tools, ToolConfigurationService, ToolInstance/SkillInstance	PR2_LOCAL_RESOURCES	CONSOLIDATE	BASELINE_CORRECTNESS	Search/config/atomic binding/secret behavior	Reservations/Redis/wrapper calls	Duplicate mock-only assertions	no	HIGH	git diff 4e7d9fe..5375990a -- frontend/components/nl2agent/__tests__/localResourceConfig.vitest.test.tsx; design §9.2 §10.3 §14.2	-
frontend/components/nl2agent/__tests__/nl2agentCards.test.tsx	Card delivery/rendering	§11 §12	Strict Card render registration Delivery retry	Card behavior tests	Existing Markdown/chat final-message boundary	PR5_DELIVERY_RECOVERY_AND_RELEASE	CONSOLIDATE	BASELINE_CORRECTNESS	Strict schema latest message registration receipt retry	One verifier/AST/coordinator	Fallback/duplicate parser-only assertions where unneeded	no	HIGH	git diff 4e7d9fe..5375990a -- frontend/components/nl2agent/__tests__/nl2agentCards.test.tsx; design §11 §12	-
frontend/components/nl2agent/__tests__/persistedCardState.vitest.test.tsx	Card delivery/rendering	§11 §12	Strict Card render registration Delivery retry	Card behavior tests	Existing Markdown/chat final-message boundary	PR5_DELIVERY_RECOVERY_AND_RELEASE	CONSOLIDATE	BASELINE_CORRECTNESS	Strict schema latest message registration receipt retry	One verifier/AST/coordinator	Fallback/duplicate parser-only assertions where unneeded	no	HIGH	git diff 4e7d9fe..5375990a -- frontend/components/nl2agent/__tests__/persistedCardState.vitest.test.tsx; design §11 §12	-
frontend/components/nl2agent/__tests__/registrationLifecycle.vitest.test.tsx	frontend core/recovery	§3 §6 §11 §12	Builder entry chat integration and recovery	Frontend behavior/test infrastructure	Existing chat Provider services i18n proxy	PR5_DELIVERY_RECOVERY_AND_RELEASE	CONSOLIDATE	BASELINE_CORRECTNESS	Entry IDs recovery routing visible labels	Generated types and one Provider	Prototype handoff/duplicate infrastructure	no	HIGH	git diff 4e7d9fe..5375990a -- frontend/components/nl2agent/__tests__/registrationLifecycle.vitest.test.tsx; design §3 §6 §11 §12	-
frontend/components/nl2agent/__tests__/sendRequest.vitest.test.ts	frontend core/recovery	§3 §6 §11 §12	Builder entry chat integration and recovery	Frontend behavior/test infrastructure	Existing chat Provider services i18n proxy	PR5_DELIVERY_RECOVERY_AND_RELEASE	CONSOLIDATE	BASELINE_CORRECTNESS	Entry IDs recovery routing visible labels	Generated types and one Provider	Prototype handoff/duplicate infrastructure	no	HIGH	git diff 4e7d9fe..5375990a -- frontend/components/nl2agent/__tests__/sendRequest.vitest.test.ts; design §3 §6 §11 §12	-
frontend/components/nl2agent/__tests__/sessionDiscovery.vitest.test.ts	frontend recovery/continuation	§6.2 §12	Refresh Conversation switch hidden continuation	Recovery/continuation behavior tests	Existing chat selected Conversation and run/history	PR5_DELIVERY_RECOVERY_AND_RELEASE	CONSOLIDATE	BASELINE_CORRECTNESS	Scope recovery busy ordering hidden send	Single Provider/coordinator generated types	sessionStorage authority and duplicated maps	no	HIGH	git diff 4e7d9fe..5375990a -- frontend/components/nl2agent/__tests__/sessionDiscovery.vitest.test.ts; design §6.2 §12	-
frontend/components/nl2agent/__tests__/sessionRecovery.vitest.test.tsx	frontend recovery/continuation	§6.2 §12	Refresh Conversation switch hidden continuation	Recovery/continuation behavior tests	Existing chat selected Conversation and run/history	PR5_DELIVERY_RECOVERY_AND_RELEASE	CONSOLIDATE	BASELINE_CORRECTNESS	Scope recovery busy ordering hidden send	Single Provider/coordinator generated types	sessionStorage authority and duplicated maps	no	HIGH	git diff 4e7d9fe..5375990a -- frontend/components/nl2agent/__tests__/sessionRecovery.vitest.test.tsx; design §6.2 §12	-
frontend/components/nl2agent/cardPayloadTypes.ts	Card delivery/rendering	§11 §12	Strict Card render registration Delivery retry	Card parser/renderer/stream lifecycle	Existing Markdown/chat final-message boundary	GENERATED	REGENERATE	BASELINE_CORRECTNESS	Strict schema latest message registration receipt retry	Generate from canonical Card/OpenAPI sources	Handwritten duplicate type definitions	yes	HIGH	git diff 4e7d9fe..5375990a -- frontend/components/nl2agent/cardPayloadTypes.ts; design §11 §12	Do not hand-port; replace with generated types
frontend/components/nl2agent/cardValidation.ts	Card delivery/rendering	§11 §12	Strict Card render registration Delivery retry	Card parser/renderer/stream lifecycle	Existing Markdown/chat final-message boundary	PR5_DELIVERY_RECOVERY_AND_RELEASE	CONSOLIDATE	BASELINE_CORRECTNESS	Strict schema latest message registration receipt retry	One verifier/AST/coordinator	Fallback/duplicate parser-only assertions where unneeded	no	HIGH	git diff 4e7d9fe..5375990a -- frontend/components/nl2agent/cardValidation.ts; design §11 §12	-
frontend/components/nl2agent/finalMessageCardDelivery.ts	Card delivery/rendering	§11 §12	Strict Card render registration Delivery retry	Card parser/renderer/stream lifecycle	Existing Markdown/chat final-message boundary	PR5_DELIVERY_RECOVERY_AND_RELEASE	CONSOLIDATE	BASELINE_CORRECTNESS	Strict schema latest message registration receipt retry	One verifier/AST/coordinator	Fallback/duplicate parser-only assertions where unneeded	no	HIGH	git diff 4e7d9fe..5375990a -- frontend/components/nl2agent/finalMessageCardDelivery.ts; design §11 §12	-
frontend/components/nl2agent/index.tsx	frontend core/recovery	§3 §6 §11 §12	Builder entry chat integration and recovery	Frontend entry/chat/API/i18n integration	Existing chat Provider services i18n proxy	PR1_CORE_WORKFLOW	PORT_MINIMAL	BASELINE_CORRECTNESS	Entry IDs recovery routing visible labels	Generated types and one Provider	Prototype handoff/duplicate infrastructure	no	HIGH	git diff 4e7d9fe..5375990a -- frontend/components/nl2agent/index.tsx; design §3 §6 §11 §12	-
frontend/components/nl2agent/useNl2AgentCardLifecycle.ts	Card delivery/rendering	§11 §12	Strict Card render registration Delivery retry	Card parser/renderer/stream lifecycle	Existing Markdown/chat final-message boundary	PR5_DELIVERY_RECOVERY_AND_RELEASE	CONSOLIDATE	BASELINE_CORRECTNESS	Strict schema latest message registration receipt retry	One verifier/AST/coordinator	Fallback/duplicate parser-only assertions where unneeded	no	HIGH	git diff 4e7d9fe..5375990a -- frontend/components/nl2agent/useNl2AgentCardLifecycle.ts; design §11 §12	-
frontend/components/nl2agent/webMcpTypes.ts	MCP installation/binding	§9.3 §10.4 §10.5 §14	MCP search configuration install health discovery bind/skip	MCP integration/service/UI	remote_mcp_service, Tool discovery and ToolInstance persistence	GENERATED	REGENERATE	MIXED	Install/discover/bind/idempotency/recovery	Generate from canonical Card/OpenAPI sources	Handwritten duplicate type definitions	yes	HIGH	git diff 4e7d9fe..5375990a -- frontend/components/nl2agent/webMcpTypes.ts; design §9.3 §10.4 §10.5 §14	Do not hand-port; replace with generated types
frontend/contracts/generated/nl2agent-api.ts	generated contracts	§11 §13 §15	Strict synchronized Card and API contracts	Generated artifact	FastAPI OpenAPI and contract generation	GENERATED	REGENERATE	BASELINE_CORRECTNESS	Schema/API behavior	Regeneration/drift tests	Snapshot-specific text	yes	HIGH	git diff 4e7d9fe..5375990a -- frontend/contracts/generated/nl2agent-api.ts; design §11 §13 §15	-
frontend/contracts/generated/nl2agent-card.schema.json	generated contracts	§11 §13 §15	Strict synchronized Card and API contracts	Generated artifact	FastAPI OpenAPI and contract generation	GENERATED	REGENERATE	BASELINE_CORRECTNESS	Schema/API behavior	Regeneration/drift tests	Snapshot-specific text	yes	HIGH	git diff 4e7d9fe..5375990a -- frontend/contracts/generated/nl2agent-card.schema.json; design §11 §13 §15	-
frontend/hooks/useNl2AgentSessionRecovery.ts	frontend recovery/continuation	§6.2 §12	Refresh Conversation switch hidden continuation	Provider/hook/chat state integration	Existing chat selected Conversation and run/history	PR5_DELIVERY_RECOVERY_AND_RELEASE	CONSOLIDATE	BASELINE_CORRECTNESS	Scope recovery busy ordering hidden send	Single Provider/coordinator generated types	sessionStorage authority and duplicated maps	no	HIGH	git diff 4e7d9fe..5375990a -- frontend/hooks/useNl2AgentSessionRecovery.ts; design §6.2 §12	-
frontend/lib/chat/nl2agentContinuation.ts	frontend recovery/continuation	§6.2 §12	Refresh Conversation switch hidden continuation	Provider/hook/chat state integration	Existing chat selected Conversation and run/history	PR5_DELIVERY_RECOVERY_AND_RELEASE	CONSOLIDATE	BASELINE_CORRECTNESS	Scope recovery busy ordering hidden send	Single Provider/coordinator generated types	sessionStorage authority and duplicated maps	no	HIGH	git diff 4e7d9fe..5375990a -- frontend/lib/chat/nl2agentContinuation.ts; design §6.2 §12	-
frontend/lib/chat/nl2agentDraftContext.ts	frontend recovery/continuation	§6.2 §12	Refresh Conversation switch hidden continuation	Provider/hook/chat state integration	Existing chat selected Conversation and run/history	PR5_DELIVERY_RECOVERY_AND_RELEASE	CONSOLIDATE	BASELINE_CORRECTNESS	Scope recovery busy ordering hidden send	Single Provider/coordinator generated types	sessionStorage authority and duplicated maps	no	HIGH	git diff 4e7d9fe..5375990a -- frontend/lib/chat/nl2agentDraftContext.ts; design §6.2 §12	-
frontend/lib/chat/nl2agentSendRequest.ts	frontend recovery/continuation	§6.2 §12	Refresh Conversation switch hidden continuation	Provider/hook/chat state integration	Existing chat selected Conversation and run/history	PR5_DELIVERY_RECOVERY_AND_RELEASE	CONSOLIDATE	BASELINE_CORRECTNESS	Scope recovery busy ordering hidden send	Single Provider/coordinator generated types	sessionStorage authority and duplicated maps	no	HIGH	git diff 4e7d9fe..5375990a -- frontend/lib/chat/nl2agentSendRequest.ts; design §6.2 §12	-
frontend/package.json	frontend contracts/tests	§11 §15 §17	Contract generation/check and Card browser tests	Adds Ajv, OpenAPI generator, Vitest/testing-library and scripts	Existing npm checks	PR5_DELIVERY_RECOVERY_AND_RELEASE	PORT_MINIMAL	BASELINE_CORRECTNESS	Ajv, generation and behavior-test gates	Integrate with existing check-all	Duplicate standalone config if repository test config exists	no	HIGH	git diff 4e7d9fe..5375990a -- frontend/package.json; design §15 §17	Keep only dependencies used by final stack
frontend/public/locales/en/common.json	frontend core/recovery	§3 §6 §11 §12	Builder entry chat integration and recovery	Frontend entry/chat/API/i18n integration	Existing chat Provider services i18n proxy	PR1_CORE_WORKFLOW	PORT_MINIMAL	BASELINE_CORRECTNESS	Entry IDs recovery routing visible labels	Generated types and one Provider	Prototype handoff/duplicate infrastructure	no	HIGH	git diff 4e7d9fe..5375990a -- frontend/public/locales/en/common.json; design §3 §6 §11 §12	-
frontend/public/locales/zh/common.json	frontend core/recovery	§3 §6 §11 §12	Builder entry chat integration and recovery	Frontend entry/chat/API/i18n integration	Existing chat Provider services i18n proxy	PR1_CORE_WORKFLOW	PORT_MINIMAL	BASELINE_CORRECTNESS	Entry IDs recovery routing visible labels	Generated types and one Provider	Prototype handoff/duplicate infrastructure	no	HIGH	git diff 4e7d9fe..5375990a -- frontend/public/locales/zh/common.json; design §3 §6 §11 §12	-
frontend/scripts/sync-nl2agent-contracts.mjs	generated contracts	§11 §13 §15	Strict synchronized Card and API contracts	Canonical source/generator	FastAPI OpenAPI and contract generation	GENERATED	REGENERATE	BASELINE_CORRECTNESS	Schema/API behavior	Regeneration/drift tests	Snapshot-specific text	no	HIGH	git diff 4e7d9fe..5375990a -- frontend/scripts/sync-nl2agent-contracts.mjs; design §11 §13 §15	-
frontend/server.js	frontend core/recovery	§3 §6 §11 §12	Builder entry chat integration and recovery	Frontend entry/chat/API/i18n integration	Existing chat Provider services i18n proxy	PR1_CORE_WORKFLOW	PORT_MINIMAL	BASELINE_CORRECTNESS	Entry IDs recovery routing visible labels	Generated types and one Provider	Prototype handoff/duplicate infrastructure	no	HIGH	git diff 4e7d9fe..5375990a -- frontend/server.js; design §3 §6 §11 §12	-
frontend/services/api.ts	frontend core/recovery	§3 §6 §11 §12	Builder entry chat integration and recovery	Frontend entry/chat/API/i18n integration	Existing chat Provider services i18n proxy	PR1_CORE_WORKFLOW	PORT_MINIMAL	BASELINE_CORRECTNESS	Entry IDs recovery routing visible labels	Generated types and one Provider	Prototype handoff/duplicate infrastructure	no	HIGH	git diff 4e7d9fe..5375990a -- frontend/services/api.ts; design §3 §6 §11 §12	-
frontend/services/conversationService.ts	frontend core/recovery	§3 §6 §11 §12	Builder entry chat integration and recovery	Frontend entry/chat/API/i18n integration	Existing chat Provider services i18n proxy	PR1_CORE_WORKFLOW	PORT_MINIMAL	BASELINE_CORRECTNESS	Entry IDs recovery routing visible labels	Generated types and one Provider	Prototype handoff/duplicate infrastructure	no	HIGH	git diff 4e7d9fe..5375990a -- frontend/services/conversationService.ts; design §3 §6 §11 §12	-
frontend/services/nl2agentService.ts	frontend core/recovery	§3 §6 §11 §12	Builder entry chat integration and recovery	Frontend entry/chat/API/i18n integration	Existing chat Provider services i18n proxy	PR1_CORE_WORKFLOW	PORT_MINIMAL	BASELINE_CORRECTNESS	Entry IDs recovery routing visible labels	Generated types and one Provider	Prototype handoff/duplicate infrastructure	no	HIGH	git diff 4e7d9fe..5375990a -- frontend/services/nl2agentService.ts; design §3 §6 §11 §12	-
frontend/types/chat.ts	frontend core/recovery	§3 §6 §11 §12	Builder entry chat integration and recovery	Frontend entry/chat/API/i18n integration	Existing chat Provider services i18n proxy	PR1_CORE_WORKFLOW	PORT_MINIMAL	BASELINE_CORRECTNESS	Entry IDs recovery routing visible labels	Generated types and one Provider	Prototype handoff/duplicate infrastructure	no	HIGH	git diff 4e7d9fe..5375990a -- frontend/types/chat.ts; design §3 §6 §11 §12	-
frontend/vitest.config.ts	frontend test infrastructure	§17	Run Card/recovery behavior tests	Vitest jsdom config	Existing frontend test tooling	PR5_DELIVERY_RECOVERY_AND_RELEASE	CONSOLIDATE	NONE	Frontend behavior suite	Merge with repository config if present	Duplicate standalone config	no	HIGH	git diff 4e7d9fe..5375990a -- frontend/vitest.config.ts; design §17	Test infrastructure only
frontend/vitest.setup.ts	frontend test infrastructure	§17	Mount Cards with browser matchers	Vitest setup	Existing frontend test tooling	PR5_DELIVERY_RECOVERY_AND_RELEASE	CONSOLIDATE	NONE	jest-dom setup	Merge with repository setup if present	Duplicate standalone setup	no	HIGH	git diff 4e7d9fe..5375990a -- frontend/vitest.setup.ts; design §17	Test infrastructure only
repair_nl2agent_tables.py	deployment	§16	None in supported deployment	Temporary repair diagnostic	Standard migration runner	OMIT	OMIT_FROM_CLEAN_BRANCH	NONE	None	None	Script-specific	no	HIGH	git diff 4e7d9fe..5375990a -- repair_nl2agent_tables.py; design §16	Explicitly temporary and incomplete
sdk/nexent/core/agents/agent_model.py	SDK runtime integration	§8 §9	Per-run Draft context and search Tool construction	Agent/Tool runtime extension	Existing builtin Tool factory and Agent run context	PR1_CORE_WORKFLOW	PORT_MINIMAL	BASELINE_CORRECTNESS	Draft propagation and per-run isolation	Only three thin search adapters	Prototype dispatch details	no	HIGH	git diff 4e7d9fe..5375990a -- sdk/nexent/core/agents/agent_model.py; design §8 §9	-
sdk/nexent/core/agents/core_agent.py	SDK runtime integration	§8 §9	Per-run Draft context and search Tool construction	Agent/Tool runtime extension	Existing builtin Tool factory and Agent run context	PR1_CORE_WORKFLOW	PORT_MINIMAL	BASELINE_CORRECTNESS	Draft propagation and per-run isolation	Only three thin search adapters	Prototype dispatch details	no	HIGH	git diff 4e7d9fe..5375990a -- sdk/nexent/core/agents/core_agent.py; design §8 §9	-
sdk/nexent/core/agents/nexent_agent.py	SDK runtime integration	§8 §9	Per-run Draft context and search Tool construction	Agent/Tool runtime extension	Existing builtin Tool factory and Agent run context	PR1_CORE_WORKFLOW	PORT_MINIMAL	BASELINE_CORRECTNESS	Draft propagation and per-run isolation	Only three thin search adapters	Prototype dispatch details	no	HIGH	git diff 4e7d9fe..5375990a -- sdk/nexent/core/agents/nexent_agent.py; design §8 §9	-
sdk/nexent/core/agents/run_agent.py	SDK runtime integration	§8 §9	Per-run Draft context and search Tool construction	Agent/Tool runtime extension	Existing builtin Tool factory and Agent run context	PR1_CORE_WORKFLOW	PORT_MINIMAL	BASELINE_CORRECTNESS	Draft propagation and per-run isolation	Only three thin search adapters	Prototype dispatch details	no	HIGH	git diff 4e7d9fe..5375990a -- sdk/nexent/core/agents/run_agent.py; design §8 §9	-
sdk/nexent/core/tools/__init__.py	SDK runtime integration	§8 §9	Per-run Draft context and search Tool construction	Agent/Tool runtime extension	Existing builtin Tool factory and Agent run context	PR1_CORE_WORKFLOW	PORT_MINIMAL	BASELINE_CORRECTNESS	Draft propagation and per-run isolation	Only three thin search adapters	Prototype dispatch details	no	HIGH	git diff 4e7d9fe..5375990a -- sdk/nexent/core/tools/__init__.py; design §8 §9	-
sdk/nexent/core/tools/nl2agent/__init__.py	SDK runtime integration	§8 §9	Per-run Draft context and search Tool construction	Agent/Tool runtime extension	Existing builtin Tool factory and Agent run context	PR1_CORE_WORKFLOW	PORT_MINIMAL	BASELINE_CORRECTNESS	Draft propagation and per-run isolation	Only three thin search adapters	Prototype dispatch details	no	HIGH	git diff 4e7d9fe..5375990a -- sdk/nexent/core/tools/nl2agent/__init__.py; design §8 §9	-
sdk/nexent/core/tools/nl2agent/_context.py	SDK search	§9.1 §9.2 §9.5	Stateless stable resource search	Per-run search Tool/scoring context	SDK Tool factory and scoring dependencies	PR2_LOCAL_RESOURCES	CONSOLIDATE	BASELINE_CORRECTNESS	Scoring isolation top five proof failure	Pure scoring and thin tools	Context wrapper implementation checks	no	HIGH	git diff 4e7d9fe..5375990a -- sdk/nexent/core/tools/nl2agent/_context.py; design §9.1 §9.2 §9.5	-
sdk/nexent/core/tools/nl2agent/search_local_resources_tool.py	local resources	§9.2 §10.3 §14.2	Local Tool/Skill search configure Apply/Skip	Local resource search/config/binding	list_all_tools, ToolConfigurationService, ToolInstance/SkillInstance	PR2_LOCAL_RESOURCES	REWRITE_USING_EXISTING_NEXENT_SERVICE	BASELINE_CORRECTNESS	Search/config/atomic binding/secret behavior	Reservations/Redis/wrapper calls	Duplicate mock-only assertions	no	HIGH	git diff 4e7d9fe..5375990a -- sdk/nexent/core/tools/nl2agent/search_local_resources_tool.py; design §9.2 §10.3 §14.2	-
sdk/nexent/core/tools/nl2agent/search_web_mcps_tool.py	online catalogs/search	§9.1 §9.3 §9.4 §9.5	Registry Community official search and trusted proof	Catalog adapter/search normalization	Existing Registry Community official Skill providers	PR3_ONLINE_CATALOGS	CONSOLIDATE	MIXED	Fail-soft bounded normalized exact batches	Inline catalog/Backend normalizer/unified proof	Shared snapshot/cache implementation	no	HIGH	git diff 4e7d9fe..5375990a -- sdk/nexent/core/tools/nl2agent/search_web_mcps_tool.py; design §9.1 §9.3 §9.4 §9.5	-
sdk/nexent/core/tools/nl2agent/search_web_skills_tool.py	Skill catalog/installation	§9.4 §10.5 §14	Official/local Skill search install recovery and binding	Skill provider/service/UI integration	Existing SkillService, official ZIP installer and SkillInstance	PR3_ONLINE_CATALOGS	REWRITE_USING_EXISTING_NEXENT_SERVICE	BASELINE_CORRECTNESS	Tenant scope resource_missing install/bind/retry	Wrapper mocks and status projection	Duplicate implementation assertions	no	HIGH	git diff 4e7d9fe..5375990a -- sdk/nexent/core/tools/nl2agent/search_web_skills_tool.py; design §9.4 §10.5 §14	-
sdk/pyproject.toml	SDK scoring dependency	§9.1	Stable fuzzy resource scoring	Adds optional RapidFuzz extra	Existing SDK optional extras	PR2_LOCAL_RESOURCES	PORT_MINIMAL	NONE	RapidFuzz behavior with fallback	Keep optional dependency boundary	None	no	HIGH	git diff 4e7d9fe..5375990a -- sdk/pyproject.toml; design §9.1	No environment access added
test/backend/agents/test_create_agent_info.py	cross-cutting tests	§17	Regression coverage	Changed test/config	pytest/Vitest infrastructure	PR1_CORE_WORKFLOW	CONSOLIDATE	BASELINE_CORRECTNESS	Observable behavior	Boundary fixture	Mock-call-only details	no	HIGH	git diff 4e7d9fe..5375990a -- test/backend/agents/test_create_agent_info.py; design §17	-
test/backend/agents/test_nl2agent_session_catalog.py	workflow persistence	§5 §6 §7 §11.3	Durable recovery CAS batches and Delivery	Persistence/workflow repository tests	SQLAlchemy transaction/revision update	PR1_CORE_WORKFLOW	CONSOLIDATE	BASELINE_CORRECTNESS	Owner isolation CAS terminal recovery batches Delivery	PostgreSQL-only aggregate/lease fixtures	Redis/cache/shared-snapshot mechanics	no	HIGH	git diff 4e7d9fe..5375990a -- test/backend/agents/test_nl2agent_session_catalog.py; design §5 §6 §7 §11.3	Split later PR behaviors through one aggregate foundation
test/backend/app/test_application_entrypoint_imports.py	cross-cutting tests	§17	Regression coverage	Changed test/config	pytest/Vitest infrastructure	PR5_DELIVERY_RECOVERY_AND_RELEASE	CONSOLIDATE	NONE	Observable behavior	Boundary fixture	Mock-call-only details	no	HIGH	git diff 4e7d9fe..5375990a -- test/backend/app/test_application_entrypoint_imports.py; design §17	-
test/backend/app/test_conversation_management_app.py	cross-cutting tests	§17	Regression coverage	Changed test/config	pytest/Vitest infrastructure	PR5_DELIVERY_RECOVERY_AND_RELEASE	CONSOLIDATE	NONE	Observable behavior	Boundary fixture	Mock-call-only details	no	HIGH	git diff 4e7d9fe..5375990a -- test/backend/app/test_conversation_management_app.py; design §17	-
test/backend/apps/test_nl2agent_app_errors.py	API boundary	§13	NL2Agent actions	Route/error behavior tests	FastAPI auth and AppException mapping	PR1_CORE_WORKFLOW	CONSOLIDATE	BASELINE_CORRECTNESS	Auth strict routes structured errors	Narrow service calls	Facade mock wiring	no	HIGH	git diff 4e7d9fe..5375990a -- test/backend/apps/test_nl2agent_app_errors.py; design §13	-
test/backend/consts/test_nl2agent_model_limits.py	cross-cutting tests	§17	Regression coverage	Changed test/config	pytest/Vitest infrastructure	PR1_CORE_WORKFLOW	CONSOLIDATE	BASELINE_CORRECTNESS	Observable behavior	Boundary fixture	Mock-call-only details	no	HIGH	git diff 4e7d9fe..5375990a -- test/backend/consts/test_nl2agent_model_limits.py; design §17	-
test/backend/database/test_agent_db.py	cross-cutting tests	§17	Regression coverage	Changed test/config	pytest/Vitest infrastructure	PR1_CORE_WORKFLOW	CONSOLIDATE	BASELINE_CORRECTNESS	Observable behavior	Boundary fixture	Mock-call-only details	no	HIGH	git diff 4e7d9fe..5375990a -- test/backend/database/test_agent_db.py; design §17	-
test/backend/database/test_nl2agent_catalog_queries.py	local resources	§9.2 §10.3 §14.2	Local Tool/Skill search configure Apply/Skip	Local resource behavior tests	list_all_tools, ToolConfigurationService, ToolInstance/SkillInstance	PR2_LOCAL_RESOURCES	CONSOLIDATE	BASELINE_CORRECTNESS	Search/config/atomic binding/secret behavior	Reservations/Redis/wrapper calls	Duplicate mock-only assertions	no	HIGH	git diff 4e7d9fe..5375990a -- test/backend/database/test_nl2agent_catalog_queries.py; design §9.2 §10.3 §14.2	-
test/backend/database/test_nl2agent_session_db.py	workflow persistence	§5 §6 §7 §11.3	Durable recovery CAS batches and Delivery	Persistence/workflow repository tests	SQLAlchemy transaction/revision update	PR1_CORE_WORKFLOW	CONSOLIDATE	BASELINE_CORRECTNESS	Owner isolation CAS terminal recovery batches Delivery	PostgreSQL-only aggregate/lease fixtures	Redis/cache/shared-snapshot mechanics	no	HIGH	git diff 4e7d9fe..5375990a -- test/backend/database/test_nl2agent_session_db.py; design §5 §6 §7 §11.3	Split later PR behaviors through one aggregate foundation
test/backend/database/test_remote_mcp_db.py	MCP installation/binding	§9.3 §10.4 §10.5 §14	MCP search configuration install health discovery bind/skip	MCP behavior tests	remote_mcp_service, Tool discovery and ToolInstance persistence	PR4_INSTALLATION_AND_BINDING	CONSOLIDATE	MIXED	Install/discover/bind/idempotency/recovery	Redis/wrapper/mock-call details	Advanced-only or duplicate assertions	no	HIGH	git diff 4e7d9fe..5375990a -- test/backend/database/test_remote_mcp_db.py; design §9.3 §10.4 §10.5 §14	Baseline correctness remains
test/backend/database/test_skill_db.py	Skill catalog/installation	§9.4 §10.5 §14	Official/local Skill search install recovery and binding	Skill behavior tests	Existing SkillService, official ZIP installer and SkillInstance	PR3_ONLINE_CATALOGS	CONSOLIDATE	BASELINE_CORRECTNESS	Tenant scope resource_missing install/bind/retry	Wrapper mocks and status projection	Duplicate implementation assertions	no	HIGH	git diff 4e7d9fe..5375990a -- test/backend/database/test_skill_db.py; design §9.4 §10.5 §14	-
test/backend/database/test_tool_db.py	local resources	§9.2 §10.3 §14.2	Local Tool/Skill search configure Apply/Skip	Local resource behavior tests	list_all_tools, ToolConfigurationService, ToolInstance/SkillInstance	PR2_LOCAL_RESOURCES	CONSOLIDATE	BASELINE_CORRECTNESS	Search/config/atomic binding/secret behavior	Reservations/Redis/wrapper calls	Duplicate mock-only assertions	no	HIGH	git diff 4e7d9fe..5375990a -- test/backend/database/test_tool_db.py; design §9.2 §10.3 §14.2	-
test/backend/services/nl2agent_test_support.py	cross-cutting tests	§17	Regression coverage	Changed test/config	pytest/Vitest infrastructure	PR1_CORE_WORKFLOW	CONSOLIDATE	BASELINE_CORRECTNESS	Observable behavior	Boundary fixture	Mock-call-only details	no	HIGH	git diff 4e7d9fe..5375990a -- test/backend/services/nl2agent_test_support.py; design §17	-
test/backend/services/test_agent_service.py	cross-cutting tests	§17	Regression coverage	Changed test/config	pytest/Vitest infrastructure	PR1_CORE_WORKFLOW	CONSOLIDATE	BASELINE_CORRECTNESS	Observable behavior	Boundary fixture	Mock-call-only details	no	HIGH	git diff 4e7d9fe..5375990a -- test/backend/services/test_agent_service.py; design §17	-
test/backend/services/test_conversation_management_service.py	cross-cutting tests	§17	Regression coverage	Changed test/config	pytest/Vitest infrastructure	PR5_DELIVERY_RECOVERY_AND_RELEASE	CONSOLIDATE	NONE	Observable behavior	Boundary fixture	Mock-call-only details	no	HIGH	git diff 4e7d9fe..5375990a -- test/backend/services/test_conversation_management_service.py; design §17	-
test/backend/services/test_nl2agent_catalog_service.py	online catalogs/search	§9.1 §9.3 §9.4 §9.5	Registry Community official search and trusted proof	Catalog/search tests	Existing Registry Community official Skill providers	PR3_ONLINE_CATALOGS	CONSOLIDATE	MIXED	Fail-soft bounded normalized exact batches	Inline catalog/Backend normalizer/unified proof	Shared snapshot/cache implementation	no	HIGH	git diff 4e7d9fe..5375990a -- test/backend/services/test_nl2agent_catalog_service.py; design §9.1 §9.3 §9.4 §9.5	-
test/backend/services/test_nl2agent_mcp_service.py	MCP installation/binding	§9.3 §10.4 §10.5 §14	MCP search configuration install health discovery bind/skip	MCP behavior tests	remote_mcp_service, Tool discovery and ToolInstance persistence	PR4_INSTALLATION_AND_BINDING	CONSOLIDATE	MIXED	Install/discover/bind/idempotency/recovery	Redis/wrapper/mock-call details	Advanced-only or duplicate assertions	no	HIGH	git diff 4e7d9fe..5375990a -- test/backend/services/test_nl2agent_mcp_service.py; design §9.3 §10.4 §10.5 §14	Baseline correctness remains
test/backend/services/test_nl2agent_mcp_url_security.py	MCP network security	§14.3	Validate MCP destinations	Custom URL resolver and pinned transport	Existing verified HTTP/MCP client	PR4_INSTALLATION_AND_BINDING	CONSOLIDATE	MIXED	HTTP/HTTPS userinfo/TLS baseline	Baseline fallback tests	Deferred pinning/private/proxy/redirect tests	no	HIGH	git diff 4e7d9fe..5375990a -- test/backend/services/test_nl2agent_mcp_url_security.py; design §14.3	Advanced controls deferred, baseline retained
test/backend/services/test_nl2agent_publication_service.py	core workflow/finalize	§7 §10.1 §10.2 §10.6	Requirements models identity review Finalize	Core workflow/finalize tests	Existing Agent/model/resource transaction services	PR1_CORE_WORKFLOW	CONSOLIDATE	BASELINE_CORRECTNESS	Stage gates persisted truth draft_ready	Facade/projection/mock details	Duplicate implementation assertions	no	HIGH	git diff 4e7d9fe..5375990a -- test/backend/services/test_nl2agent_publication_service.py; design §7 §10.1 §10.2 §10.6	-
test/backend/services/test_nl2agent_resource_service.py	local resources	§10.3	Atomic local Apply/Skip	Resource behavior tests	ToolInstance/SkillInstance persistence	PR2_LOCAL_RESOURCES	REWRITE_USING_EXISTING_NEXENT_SERVICE	BASELINE_CORRECTNESS	Strict config atomicity idempotency	One transaction no Redis reservation	Mock reconciliation details	no	HIGH	git diff 4e7d9fe..5375990a -- test/backend/services/test_nl2agent_resource_service.py; design §10.3	-
test/backend/services/test_nl2agent_seed_service.py	Runner/prompt	§3 §8	Builder readiness and bilingual guided flow	Seed/prompt tests	Agent seed and Prompt template services	PR1_CORE_WORKFLOW	CONSOLIDATE	BASELINE_CORRECTNESS	Exactly three read-only tools and bilingual behavior	Provisioner/domain prompt contract	Wrapper mock details	no	HIGH	git diff 4e7d9fe..5375990a -- test/backend/services/test_nl2agent_seed_service.py; design §3 §8	-
test/backend/services/test_nl2agent_session_lifecycle_service.py	cross-cutting tests	§17	Regression coverage	Changed test/config	pytest/Vitest infrastructure	PR1_CORE_WORKFLOW	CONSOLIDATE	BASELINE_CORRECTNESS	Observable behavior	Boundary fixture	Mock-call-only details	no	HIGH	git diff 4e7d9fe..5375990a -- test/backend/services/test_nl2agent_session_lifecycle_service.py; design §17	-
test/backend/services/test_nl2agent_session_persistence.py	cross-cutting tests	§17	Regression coverage	Changed test/config	pytest/Vitest infrastructure	PR1_CORE_WORKFLOW	CONSOLIDATE	BASELINE_CORRECTNESS	Observable behavior	Boundary fixture	Mock-call-only details	no	HIGH	git diff 4e7d9fe..5375990a -- test/backend/services/test_nl2agent_session_persistence.py; design §17	-
test/backend/services/test_nl2agent_summary_service.py	core workflow/finalize	§7 §10.1 §10.2 §10.6	Requirements models identity review Finalize	Core workflow/finalize tests	Existing Agent/model/resource transaction services	PR1_CORE_WORKFLOW	CONSOLIDATE	BASELINE_CORRECTNESS	Stage gates persisted truth draft_ready	Facade/projection/mock details	Duplicate implementation assertions	no	HIGH	git diff 4e7d9fe..5375990a -- test/backend/services/test_nl2agent_summary_service.py; design §7 §10.1 §10.2 §10.6	-
test/backend/services/test_nl2agent_workflow_service.py	core workflow/finalize	§7 §10.1 §10.2 §10.6	Requirements models identity review Finalize	Core workflow/finalize tests	Existing Agent/model/resource transaction services	PR1_CORE_WORKFLOW	CONSOLIDATE	BASELINE_CORRECTNESS	Stage gates persisted truth draft_ready	Facade/projection/mock details	Duplicate implementation assertions	no	HIGH	git diff 4e7d9fe..5375990a -- test/backend/services/test_nl2agent_workflow_service.py; design §7 §10.1 §10.2 §10.6	-
test/backend/services/test_prompt_service.py	cross-cutting tests	§17	Regression coverage	Changed test/config	pytest/Vitest infrastructure	PR1_CORE_WORKFLOW	CONSOLIDATE	BASELINE_CORRECTNESS	Observable behavior	Boundary fixture	Mock-call-only details	no	HIGH	git diff 4e7d9fe..5375990a -- test/backend/services/test_prompt_service.py; design §17	-
test/backend/services/test_remote_mcp_service.py	MCP installation/binding	§9.3 §10.4 §10.5 §14	MCP search configuration install health discovery bind/skip	MCP behavior tests	remote_mcp_service, Tool discovery and ToolInstance persistence	PR4_INSTALLATION_AND_BINDING	CONSOLIDATE	MIXED	Install/discover/bind/idempotency/recovery	Redis/wrapper/mock-call details	Advanced-only or duplicate assertions	no	HIGH	git diff 4e7d9fe..5375990a -- test/backend/services/test_remote_mcp_service.py; design §9.3 §10.4 §10.5 §14	Baseline correctness remains
test/backend/services/test_skill_service.py	Skill catalog/installation	§9.4 §10.5 §14	Official/local Skill search install recovery and binding	Skill behavior tests	Existing SkillService, official ZIP installer and SkillInstance	PR4_INSTALLATION_AND_BINDING	CONSOLIDATE	BASELINE_CORRECTNESS	Tenant scope resource_missing install/bind/retry	Wrapper mocks and status projection	Duplicate implementation assertions	no	HIGH	git diff 4e7d9fe..5375990a -- test/backend/services/test_skill_service.py; design §9.4 §10.5 §14	-
test/backend/services/test_tool_configuration_service.py	local resources	§9.2 §10.3 §14.2	Local Tool/Skill search configure Apply/Skip	Local resource behavior tests	list_all_tools, ToolConfigurationService, ToolInstance/SkillInstance	PR2_LOCAL_RESOURCES	CONSOLIDATE	BASELINE_CORRECTNESS	Search/config/atomic binding/secret behavior	Reservations/Redis/wrapper calls	Duplicate mock-only assertions	no	HIGH	git diff 4e7d9fe..5375990a -- test/backend/services/test_tool_configuration_service.py; design §9.2 §10.3 §14.2	-
test/backend/utils/test_nl2agent_card_validation.py	Card delivery/rendering	§11 §12	Strict Card render registration Delivery retry	Card behavior tests	Existing Markdown/chat final-message boundary	PR5_DELIVERY_RECOVERY_AND_RELEASE	CONSOLIDATE	BASELINE_CORRECTNESS	Strict schema latest message registration receipt retry	One verifier/AST/coordinator	Fallback/duplicate parser-only assertions where unneeded	no	HIGH	git diff 4e7d9fe..5375990a -- test/backend/utils/test_nl2agent_card_validation.py; design §11 §12	-
test/backend/utils/test_prompt_template_utils.py	cross-cutting tests	§17	Regression coverage	Changed test/config	pytest/Vitest infrastructure	PR1_CORE_WORKFLOW	CONSOLIDATE	BASELINE_CORRECTNESS	Observable behavior	Boundary fixture	Mock-call-only details	no	HIGH	git diff 4e7d9fe..5375990a -- test/backend/utils/test_prompt_template_utils.py; design §17	-
test/contracts/test_nl2agent_card_contract.py	Card delivery/rendering	§11 §12	Strict Card render registration Delivery retry	Card behavior tests	Existing Markdown/chat final-message boundary	PR5_DELIVERY_RECOVERY_AND_RELEASE	CONSOLIDATE	BASELINE_CORRECTNESS	Strict schema latest message registration receipt retry	One verifier/AST/coordinator	Fallback/duplicate parser-only assertions where unneeded	no	HIGH	git diff 4e7d9fe..5375990a -- test/contracts/test_nl2agent_card_contract.py; design §11 §12	-
test/contracts/test_nl2agent_session_contract.py	cross-cutting tests	§17	Regression coverage	Changed test/config	pytest/Vitest infrastructure	PR5_DELIVERY_RECOVERY_AND_RELEASE	CONSOLIDATE	NONE	Observable behavior	Boundary fixture	Mock-call-only details	no	HIGH	git diff 4e7d9fe..5375990a -- test/contracts/test_nl2agent_session_contract.py; design §17	-
test/deploy/test_local_sql_migrations.py	cross-cutting tests	§17	Regression coverage	Changed test/config	pytest/Vitest infrastructure	PR5_DELIVERY_RECOVERY_AND_RELEASE	CONSOLIDATE	NONE	Observable behavior	Boundary fixture	Mock-call-only details	no	HIGH	git diff 4e7d9fe..5375990a -- test/deploy/test_local_sql_migrations.py; design §17	-
test/sdk/core/agents/test_core_agent.py	cross-cutting tests	§17	Regression coverage	Changed test/config	pytest/Vitest infrastructure	PR1_CORE_WORKFLOW	CONSOLIDATE	BASELINE_CORRECTNESS	Observable behavior	Boundary fixture	Mock-call-only details	no	HIGH	git diff 4e7d9fe..5375990a -- test/sdk/core/agents/test_core_agent.py; design §17	-
test/sdk/core/agents/test_nexent_agent.py	cross-cutting tests	§17	Regression coverage	Changed test/config	pytest/Vitest infrastructure	PR1_CORE_WORKFLOW	CONSOLIDATE	BASELINE_CORRECTNESS	Observable behavior	Boundary fixture	Mock-call-only details	no	HIGH	git diff 4e7d9fe..5375990a -- test/sdk/core/agents/test_nexent_agent.py; design §17	-
test/sdk/core/agents/test_run_agent.py	cross-cutting tests	§17	Regression coverage	Changed test/config	pytest/Vitest infrastructure	PR1_CORE_WORKFLOW	CONSOLIDATE	BASELINE_CORRECTNESS	Observable behavior	Boundary fixture	Mock-call-only details	no	HIGH	git diff 4e7d9fe..5375990a -- test/sdk/core/agents/test_run_agent.py; design §17	-
test/sdk/core/tools/test_nl2agent_search_tools.py	SDK search	§9.1 §9.2 §9.5	Stateless stable resource search	Search golden tests	SDK Tool factory and scoring dependencies	PR2_LOCAL_RESOURCES	CONSOLIDATE	BASELINE_CORRECTNESS	Scoring isolation top five proof failure	Pure scoring and thin tools	Context wrapper implementation checks	no	HIGH	git diff 4e7d9fe..5375990a -- test/sdk/core/tools/test_nl2agent_search_tools.py; design §9.1 §9.2 §9.5	-
